config_id,side,lookback_col,top_pct,rebalance_days,sharpe,sortino,max_dd,calmar,cagr,turnover,error
lo_000,long_short,mom_63d,0.05,5,-0.16091637710761622,-0.15009566622090384,-0.8504767489430605,-0.08999208706986075,-0.076536177641776,0.22814730345834022,
lo_001,long_short,mom_63d,0.05,10,-0.06311749219134166,-0.05925233534309154,-0.7690654189573483,-0.06583626794355121,-0.05063239698859545,0.15939678802555057,
lo_002,long_short,mom_63d,0.05,21,0.030439519339852623,0.028416195885122775,-0.7531797369809591,-0.03509185699679897,-0.026430475623022476,0.10624370872531406,
lo_003,long_short,mom_63d,0.05,42,-0.010595308738188496,-0.009852046089128636,-0.8192584809187933,-0.04576037003791232,-0.03748957124354191,0.07116735339477816,
lo_004,long_short,mom_63d,0.05,63,0.19592831244939832,0.18704502816152443,-0.5927434375028666,0.030858331777069817,0.018291073653144307,0.05517904045663243,
lo_005,long_short,mom_63d,0.05,126,0.2945113854620467,0.28377611566990074,-0.5735308510908136,0.07115358974002021,0.04080877888176038,0.027250260206781948,
lo_006,long_short,mom_63d,0.1,5,-0.22712573945074918,-0.208813195285233,-0.8005846945712156,-0.08580576880764518,-0.06869478521331696,0.20487489790750696,
lo_007,long_short,mom_63d,0.1,10,-0.15513494008438702,-0.1428034804109537,-0.7432536843948926,-0.07125470342059777,-0.05296032084782465,0.1445489351632862,
lo_008,long_short,mom_63d,0.1,21,-0.028434280697386773,-0.026066970621539513,-0.6941055391531015,-0.038447001274301326,-0.0266862765483189,0.0986524735935986,
lo_009,long_short,mom_63d,0.1,42,-0.16391774786952645,-0.14890333050290772,-0.7923138660353283,-0.068951116582908,-0.054630925747256476,0.06786497201086406,
lo_010,long_short,mom_63d,0.1,63,0.13619210359854073,0.12755897134738703,-0.5304639585171788,0.014876636270886668,0.007891519365674782,0.05324611063743803,
lo_011,long_short,mom_63d,0.1,126,0.30630377893022603,0.29290529277095584,-0.43114672420620703,0.08780251684017147,0.037855767512700256,0.02622468370784323,
lo_012,long_short,mom_63d,0.15,5,-0.2890363610241752,-0.2647248982720669,-0.7966391218046146,-0.08646563334229637,-0.06888190621208679,0.18760135880001672,
lo_013,long_short,mom_63d,0.15,10,-0.22198046878241381,-0.2038181313285126,-0.752850962803669,-0.07417314123223638,-0.05584132079086168,0.1329528847366347,
lo_014,long_short,mom_63d,0.15,21,-0.05223306412239391,-0.047894359856585085,-0.6362828361641581,-0.03895060747527467,-0.024783602994684628,0.09166548384693345,
lo_015,long_short,mom_63d,0.15,42,-0.15447824978524552,-0.14002656525665327,-0.713498656850206,-0.061130405651343256,-0.04361646232494165,0.06386943351160665,
lo_016,long_short,mom_63d,0.15,63,0.06437793073180813,0.06015120005127696,-0.5188717985390848,-0.005378019222274437,-0.0027905025064393074,0.050904108672478354,
lo_017,long_short,mom_63d,0.15,126,0.2667041023139173,0.2558009355248172,-0.4514376659079049,0.06357682218258089,0.02870097221194623,0.0252598417632914,
lo_018,long_short,mom_63d,0.2,5,-0.2749141172338417,-0.25146086981827737,-0.7416677485981364,-0.07853806622066037,-0.05824915075312853,0.1714914401629804,
lo_019,long_short,mom_63d,0.2,10,-0.2067365095668417,-0.18945126670341253,-0.6898701699745319,-0.06670283740864125,-0.0460162977808829,0.12210143162049723,
lo_020,long_short,mom_63d,0.2,21,-0.0874275694830877,-0.07955878389300759,-0.6040832635142932,-0.04378227469893288,-0.026448139384210645,0.08529767768288025,
lo_021,long_short,mom_63d,0.2,42,-0.19008868917049654,-0.17234541977680967,-0.6910728234660254,-0.06331714224235815,-0.04375675626322639,0.059978125912377514,
lo_022,long_short,mom_63d,0.2,63,0.003454191767071594,0.0032095432618564697,-0.5079308245818202,-0.020457603673223693,-0.010391047502708584,0.048688758698341134,
lo_023,long_short,mom_63d,0.2,126,0.2601958775008315,0.2485455366434146,-0.4383231169273385,0.059643025914243246,0.026142917021709122,0.02397743567313737,
lo_024,long_short,mom_63d,0.3,5,-0.26794577936875447,-0.2442067351759655,-0.6637387570344495,-0.0687936168603733,-0.04566098974680832,0.14328918750756445,
lo_025,long_short,mom_63d,0.3,10,-0.18795194859217093,-0.17228377652338142,-0.5916728544086922,-0.05716645064563302,-0.033823837029915316,0.10319647964366437,
lo_026,long_short,mom_63d,0.3,21,-0.04590515373127497,-0.04224141239104398,-0.48362344294915816,-0.030597016533541268,-0.014797434479923544,0.07225747882949903,
lo_027,long_short,mom_63d,0.3,42,-0.1953782821122138,-0.17845069425141988,-0.6193647099678421,-0.056302495798952065,-0.03487177898098359,0.052510808183638874,
lo_028,long_short,mom_63d,0.3,63,-0.010806431636146729,-0.010080593355018357,-0.44691194355663366,-0.019862887117098414,-0.008876961486148471,0.04352188248355136,
lo_029,long_short,mom_63d,0.3,126,0.2806767742908041,0.26989186646254115,-0.3386657285051612,0.07395773316707276,0.025046949581617017,0.021366993582531316,
lo_030,long_short,mom_126d,0.05,5,0.13642862715143747,0.12771856634420337,-0.6451750423825814,-0.0024620774721469895,-0.0015884709374416328,0.16119452206408727,
lo_031,long_short,mom_126d,0.05,10,0.1796496204696375,0.16845704717052448,-0.6124683136324389,0.01776882875568989,0.010882844583220974,0.11316126855926188,
lo_032,long_short,mom_126d,0.05,21,0.15189335563031509,0.14149691529289055,-0.6118525228206138,0.0053389130972816504,0.0032666274476917945,0.07684021886697472,
lo_033,long_short,mom_126d,0.05,42,0.24419438542607236,0.22906249016541852,-0.6171072608146724,0.04789296360204727,0.029555095580756197,0.05295621311674823,
lo_034,long_short,mom_126d,0.05,63,0.36685142251411845,0.3425410906582056,-0.5183076828317869,0.121358279770972,0.06290092878054421,0.04168837974858042,
lo_035,long_short,mom_126d,0.05,126,0.3123159077323068,0.2879833877297202,-0.48619248192852194,0.09551658910414028,0.04643944752188878,0.027395230559110154,
lo_036,long_short,mom_126d,0.1,5,-0.049567545829144306,-0.04585052246604691,-0.6724705824208415,-0.05300293862892361,-0.03564291700980837,0.1475219892068997,
lo_037,long_short,mom_126d,0.1,10,0.03577778254927405,0.033423855749830166,-0.5817059361766683,-0.02846944812479439,-0.016560846973866616,0.10375791326511213,
lo_038,long_short,mom_126d,0.1,21,0.026749765371124973,0.02453142650152249,-0.6280345925305775,-0.02892340520370455,-0.01816489900170537,0.07098202439902448,
lo_039,long_short,mom_126d,0.1,42,0.15066460288533357,0.13943447886266938,-0.5584526077435468,0.016348088060545257,0.00912963240903264,0.04885843663650736,
lo_040,long_short,mom_126d,0.1,63,0.27040329501275,0.25210078865781166,-0.48117853301408,0.07227555722960753,0.034777446600517736,0.0390323651530054,
lo_041,long_short,mom_126d,0.1,126,0.28183637612272594,0.25910415173141865,-0.3586641908895779,0.09910765453060061,0.03554636672318168,0.026397815581088366,
lo_042,long_short,mom_126d,0.15,5,-0.05187631686103142,-0.047009007078749575,-0.5948084004999232,-0.04797531433197899,-0.028536119981285468,0.1318638100234483,
lo_043,long_short,mom_126d,0.15,10,0.002496183775180013,0.0022930418965836537,-0.5351313064127123,-0.032825327694857805,-0.017565860492774643,0.09409981317167886,
lo_044,long_short,mom_126d,0.15,21,-0.008289066987455587,-0.007580161145186957,-0.5687959078537603,-0.0342659685689556,-0.019490342700667518,0.06490203228014124,
lo_045,long_short,mom_126d,0.15,42,0.10608815574152798,0.09815186321655044,-0.5136598691578173,0.004469033910961442,0.002295563373966303,0.04486233661078653,
lo_046,long_short,mom_126d,0.15,63,0.2253136984028051,0.21097146702903655,-0.43061898601531023,0.05658418697512689,0.024366225219729865,0.03619160752002768,
lo_047,long_short,mom_126d,0.15,126,0.26565037627844756,0.24365398938402208,-0.39562244688433623,0.07636633260652091,0.030212235365374873,0.02503293219901852,
lo_048,long_short,mom_126d,0.2,5,-0.15418754697764656,-0.14019409367921493,-0.6210755075775576,-0.06633003729852473,-0.041195961582819574,0.121100585382105,
lo_049,long_short,mom_126d,0.2,10,-0.056937880112961886,-0.052233833782589195,-0.5099940523263948,-0.0471906483365682,-0.024066949977076257,0.08591341869250936,
lo_050,long_short,mom_126d,0.2,21,-0.03166347231015332,-0.028796111539140076,-0.537556088616546,-0.03630930860730344,-0.019518289915313125,0.0597112869892977,
lo_051,long_short,mom_126d,0.2,42,0.08652997155736204,0.07967159361620599,-0.48819658905134644,0.0010742529379872395,0.0005244466201037579,0.04160804914531271,
lo_052,long_short,mom_126d,0.2,63,0.1796643270473239,0.16746910010524038,-0.3957865352190615,0.04033295375700464,0.015963240022635494,0.0338049478755149,
lo_053,long_short,mom_126d,0.2,126,0.24770876822504945,0.22604258553308554,-0.36370668102201786,0.0705313229821355,0.025652713389924475,0.023781910589848344,
lo_054,long_short,mom_126d,0.3,5,-0.12012944123564126,-0.10910306721866762,-0.5066249452016931,-0.053441983858102886,-0.02707504214358114,0.10174189945497213,
lo_055,long_short,mom_126d,0.3,10,-0.044101378993140414,-0.04034230597651198,-0.40136893195179346,-0.039778680613870104,-0.015965926552440557,0.07286613825073883,
lo_056,long_short,mom_126d,0.3,21,-0.04195700702420345,-0.03819905135482617,-0.4460107321439867,-0.03438806173501909,-0.01533744459144848,0.050770422954858875,
lo_057,long_short,mom_126d,0.3,42,0.047977613920309865,0.04407680795773895,-0.41497158679734414,-0.006932666768331212,-0.0028768597295916187,0.035844521246739404,
lo_058,long_short,mom_126d,0.3,63,0.13728335394109567,0.12834604513461137,-0.3518818825387461,0.0267318825807204,0.009406465166308609,0.029517697104118504,
lo_059,long_short,mom_126d,0.3,126,0.25719099101372245,0.2350939409973672,-0.2723957184678867,0.08743613454865007,0.023817228690434344,0.021262838305805255,
lo_060,long_short,mom_252d,0.05,5,0.2231725402015447,0.20373649123423326,-0.7678634490157703,0.028390571349809154,0.02180008203619277,0.11692233123002353,
lo_061,long_short,mom_252d,0.05,10,0.2426302297249611,0.22213900014110705,-0.7450504835117236,0.03743668556098871,0.027892220678291002,0.08103309325382904,
lo_062,long_short,mom_252d,0.05,21,0.29472622489592126,0.26788062356982184,-0.7157143192850767,0.061037190112242,0.04368519097225709,0.05537239027540031,
lo_063,long_short,mom_252d,0.05,42,0.27419489015305143,0.24904006860458813,-0.7019760221183496,0.0536360884889461,0.037651248039458185,0.03830158222800363,
lo_064,long_short,mom_252d,0.05,63,0.3105822052448968,0.28363708710726926,-0.53913599659611,0.08924884556036032,0.048117265296237166,0.03068474198908982,
lo_065,long_short,mom_252d,0.05,126,0.3031929854238217,0.27988620599303365,-0.532109188765651,0.08519070626811295,0.045330757602698446,0.02062309398764248,
lo_066,long_short,mom_252d,0.1,5,0.134376457931289,0.1206779974507612,-0.6927110815265315,0.005436196142786131,0.0037657133094597395,0.10394888991187726,
lo_067,long_short,mom_252d,0.1,10,0.19438651489743222,0.17592822307518757,-0.636588876826693,0.02828816310880451,0.018007929980924153,0.0726914104358924,
lo_068,long_short,mom_252d,0.1,21,0.21051015683821836,0.1894721058983555,-0.6599250924763134,0.03311772284314422,0.021855216309866865,0.05015683256891118,
lo_069,long_short,mom_252d,0.1,42,0.21019611966397841,0.18878215354360386,-0.6322432641865305,0.03462627439136969,0.021892228747818043,0.03524602364823253,
lo_070,long_short,mom_252d,0.1,63,0.21622925821205943,0.19635588660395092,-0.5031784455253774,0.04628128927277262,0.02328774719318405,0.028436350963371944,
lo_071,long_short,mom_252d,0.1,126,0.23307593540312838,0.21303100421925414,-0.5066066063852696,0.05268827593593295,0.02669222866819365,0.019593730311902577,
lo_072,long_short,mom_252d,0.15,5,0.11837653573937325,0.10628407850696568,-0.6043100155047512,0.0054699380838966576,0.0033055383682896178,0.09439035873690953,
lo_073,long_short,mom_252d,0.15,10,0.1661990459059996,0.14905642596027557,-0.5720102208790303,0.022860163973257866,0.013076247443674083,0.06663144443186099,
lo_074,long_short,mom_252d,0.15,21,0.19335973540791365,0.1743239008869199,-0.5764721118656437,0.032320197988495274,0.0186316927903436,0.045728426501441675,
lo_075,long_short,mom_252d,0.15,42,0.22155287026126771,0.19949313852004358,-0.550066755055713,0.044093916779328675,0.02425459772050198,0.032202169515835086,
lo_076,long_short,mom_252d,0.15,63,0.18709980457094497,0.1690813403449563,-0.43721418059369144,0.03990301595491814,0.01744616442394653,0.026042327023704098,
lo_077,long_short,mom_252d,0.15,126,0.22524131560386718,0.20469156374152397,-0.4775661036380451,0.05039207077645837,0.024065544894965818,0.01830550969282818,
lo_078,long_short,mom_252d,0.2,5,0.10290547939168823,0.0920899456684599,-0.5534871884462607,0.003864509381076834,0.002138956432056416,0.08722032856186322,
lo_079,long_short,mom_252d,0.2,10,0.13365917322128995,0.12010101751733313,-0.5190053247773445,0.015070122799146136,0.007821473977805304,0.06140657225770098,
lo_080,long_short,mom_252d,0.2,21,0.157605663829092,0.1417077194552613,-0.5361179845282844,0.022717615707422693,0.012179322346351551,0.04247965752676383,
lo_081,long_short,mom_252d,0.2,42,0.18318232067812854,0.16413103295640266,-0.5138703002096362,0.032517411746454394,0.01670973213619087,0.029679479138434668,
lo_082,long_short,mom_252d,0.2,63,0.16350221878631482,0.1484213695708103,-0.4124483936714355,0.032268446846291654,0.013309069068025092,0.024401024386950722,
lo_083,long_short,mom_252d,0.2,126,0.1720932145512643,0.15640643805259133,-0.4484254734149442,0.03259762289657007,0.014617604479596258,0.017155310746241634,
lo_084,long_short,mom_252d,0.3,5,0.041024856441983386,0.036473973940805836,-0.49496601077650926,-0.010161509664929626,-0.00502960190231716,0.07346851498972086,
lo_085,long_short,mom_252d,0.3,10,0.08762626404113434,0.0786699031339365,-0.44819538026095074,0.004437961240861222,0.0019890737259311564,0.05189961061545867,
lo_086,long_short,mom_252d,0.3,21,0.10514031687074563,0.0947578691288373,-0.4654687764979314,0.010031517726275656,0.00466935828246684,0.035813382731244806,
lo_087,long_short,mom_252d,0.3,42,0.17577123187340984,0.15791504053221558,-0.4351091775332222,0.03435655311582833,0.014948851569104527,0.025255887969841663,
lo_088,long_short,mom_252d,0.3,63,0.15831818884314178,0.14369411999236964,-0.31673184801782805,0.03892118218198844,0.01232757795953976,0.020919148920502593,
lo_089,long_short,mom_252d,0.3,126,0.1830245356601241,0.16619186808716627,-0.3655722316077348,0.04162408652411735,0.01521661019925502,0.014857551125403679,
lo_090,long_only,mom_63d,0.05,5,1.0293203791302217,0.9640544810099405,-0.3338946984329244,0.6893950257868587,0.23018534423626136,0.11374512765817113,
lo_091,long_only,mom_63d,0.05,10,1.0911749867414178,1.031493832947664,-0.32099005837004424,0.7786731479376396,0.24994633920768905,0.0792377420671735,
lo_092,long_only,mom_63d,0.05,21,1.1376844910168047,1.0700746838997062,-0.34251239622819807,0.7862692188501276,0.26930695422883066,0.052720802299397615,
lo_093,long_only,mom_63d,0.05,42,1.1408445385541577,1.0733059843011683,-0.3897947230012623,0.7064564645026571,0.2753730018932643,0.03501198615579887,
lo_094,long_only,mom_63d,0.05,63,1.0921536138310817,1.0239699254214003,-0.43970766753771695,0.6260586415060333,0.2752827849984496,0.027009446146569895,
lo_095,long_only,mom_63d,0.05,126,1.080887844445771,1.0188749297301596,-0.43970766753771673,0.6303158291008394,0.2771547030260322,0.013480487306574264,
lo_096,long_only,mom_63d,0.1,5,0.9861866659134704,0.9216746143572863,-0.3255813813841655,0.5916338047034188,0.19262495140890867,0.1027758038577116,
lo_097,long_only,mom_63d,0.1,10,0.975412973273938,0.9102496390035507,-0.3457483110583476,0.5581150007832988,0.1929673188971539,0.0728771808272775,
lo_098,long_only,mom_63d,0.1,21,1.0538567392787046,0.980783527160817,-0.3667753511061135,0.5860229997938345,0.21493879150564155,0.04904196907202927,
lo_099,long_only,mom_63d,0.1,42,0.9571849613099367,0.8888687660638419,-0.40833129369031973,0.4792898808003196,0.19570905707987363,0.03349578802682297,
lo_100,long_only,mom_63d,0.1,63,1.0542438918584272,0.9906190477865388,-0.41367494781353464,0.5548605634364076,0.22953191462334432,0.02596631709373769,
lo_101,long_only,mom_63d,0.1,126,1.0075811205784113,0.9511929412716822,-0.41367494781353475,0.5430911123648564,0.2246631875655265,0.013059113961202852,
lo_102,long_only,mom_63d,0.15,5,0.9257264385125861,0.8645451479528804,-0.33639158645106093,0.5045873336338721,0.169738933664209,0.09460129465265842,
lo_103,long_only,mom_63d,0.15,10,0.9422672047474276,0.8835797331904778,-0.33633146809330905,0.519828394455389,0.17483464706376872,0.06709178397132294,
lo_104,long_only,mom_63d,0.15,21,0.9858778567166097,0.9249981703754483,-0.3528924801821993,0.5295487546544391,0.18687377340739997,0.046076332382758045,
lo_105,long_only,mom_63d,0.15,42,0.9156926378836225,0.8484181898752141,-0.4101688102456401,0.4277968058967325,0.17546890690154782,0.03183194774581732,
lo_106,long_only,mom_63d,0.15,63,0.9880799932537797,0.9273731385732702,-0.4169074313156753,0.4820595883552258,0.200974224722269,0.025026801557602472,
lo_107,long_only,mom_63d,0.15,126,0.965683598790547,0.9125285143014797,-0.41690743131567565,0.4888174769133218,0.20379163868214256,0.012674175554181218,
lo_108,long_only,mom_63d,0.2,5,0.9239895268202502,0.8673310965432867,-0.33873373861139877,0.4844369294624424,0.16409513223823957,0.08678164075719871,
lo_109,long_only,mom_63d,0.2,10,0.9420475857503889,0.8851595557483687,-0.34072053676113634,0.4966485712591264,0.16921836778106103,0.062035524184218906,
lo_110,long_only,mom_63d,0.2,21,0.9568849364049872,0.8938626174115306,-0.3619854615133583,0.4819853087897991,0.17447167444493394,0.04294144042991097,
lo_111,long_only,mom_63d,0.2,42,0.8755054663272175,0.805537865967504,-0.4254998864393832,0.37867191982395215,0.16112485888287487,0.030029126253570557,
lo_112,long_only,mom_63d,0.2,63,0.937939918456945,0.8770276582638061,-0.42963767402176234,0.4264251594179052,0.183208313636668,0.023994300526325153,
lo_113,long_only,mom_63d,0.2,126,0.9434111876434409,0.892352213771568,-0.42963767402176267,0.4478529514077229,0.19241450034659557,0.01206823199050676,
lo_114,long_only,mom_63d,0.3,5,0.8990900645764753,0.8427910905500217,-0.34958131336170617,0.4382923614534631,0.15321881935330528,0.07247145081357638,
lo_115,long_only,mom_63d,0.3,10,0.9258811589450935,0.8703639427839596,-0.34529884839300007,0.4622989503286274,0.15963129516176777,0.052353968180292726,
lo_116,long_only,mom_63d,0.3,21,0.9586721480789391,0.8986004587134113,-0.3531509579072929,0.47640872482951224,0.16824419752893416,0.03637795023219987,
lo_117,long_only,mom_63d,0.3,42,0.8705110264513044,0.8050578445038191,-0.41361570769522904,0.3702179540588791,0.15312796106954307,0.02624792299797075,
lo_118,long_only,mom_63d,0.3,63,0.9214335944484643,0.8631948109689732,-0.413168471367668,0.4116313353713107,0.1700730896023963,0.021646120081789372,
lo_119,long_only,mom_63d,0.3,126,0.937293387460834,0.8841897414032851,-0.413168471367668,0.4368680514922865,0.1805001050244397,0.010713863497207557,
lo_120,long_only,mom_126d,0.05,5,1.1757606946805657,1.0866380807859297,-0.3358674990091418,0.8618387827995515,0.28946363652796836,0.07925129868273681,
lo_121,long_only,mom_126d,0.05,10,1.185570841554555,1.1048327264262328,-0.32477703714622086,0.9094514435219532,0.2953689452554136,0.055935387045754945,
lo_122,long_only,mom_126d,0.05,21,1.2035499432749692,1.11291449185079,-0.3482608551541949,0.889228394384308,0.3096834410556708,0.03733868980022826,
lo_123,long_only,mom_126d,0.05,42,1.2439708086020635,1.1485965060505687,-0.3398172579171982,0.9574060600582275,0.3253431020422952,0.025480310102383677,
lo_124,long_only,mom_126d,0.05,63,1.2734161256314875,1.1900146062885286,-0.36126038956336404,0.9420949650759353,0.3403415940890162,0.020329450556875305,
lo_125,long_only,mom_126d,0.05,126,1.1804238371313431,1.1041267248711037,-0.36126038956336426,0.8611457363405072,0.3110978441812018,0.013361905034145838,
lo_126,long_only,mom_126d,0.1,5,1.0430674495314052,0.9680204098555978,-0.34919044737014515,0.6235435755223669,0.21773546009143518,0.07332288319541465,
lo_127,long_only,mom_126d,0.1,10,1.0314084614561971,0.9549342823941731,-0.3544673593059243,0.6123215797829098,0.2170480134316799,0.052236347289938694,
lo_128,long_only,mom_126d,0.1,21,1.0613553887636276,0.9799664162193468,-0.35683445040982653,0.6461073954935971,0.23055337737668213,0.03521274967087578,
lo_129,long_only,mom_126d,0.1,42,1.1083715520048358,1.0250934977052426,-0.3351499526535172,0.7344328079068012,0.24614512079715412,0.023876722398116928,
lo_130,long_only,mom_126d,0.1,63,1.1101832214367768,1.0305708691761661,-0.32522751020398055,0.7691265844264767,0.25014112408471467,0.01909432069466445,
lo_131,long_only,mom_126d,0.1,126,1.1155929937101554,1.0445793532566374,-0.3252275102039809,0.7813944209553108,0.2541309620145771,0.012849503110601195,
lo_132,long_only,mom_126d,0.15,5,1.0007988090633997,0.9273234910232503,-0.35666862823658896,0.5461623893975367,0.19479899022083713,0.06628670072075094,
lo_133,long_only,mom_126d,0.15,10,0.9997186003855678,0.9255566086734235,-0.3616568860950091,0.5421690794743468,0.1960791810196898,0.04732636328736444,
lo_134,long_only,mom_126d,0.15,21,1.0051849333477787,0.9303111655482125,-0.36863596783504493,0.546941388940416,0.20162226826109397,0.03226687433375293,
lo_135,long_only,mom_126d,0.15,42,1.0301484986923204,0.9605105466364728,-0.35860530369224075,0.587587549272468,0.21071201155263286,0.02217116051119216,
lo_136,long_only,mom_126d,0.15,63,1.0484045435265306,0.9759473132226127,-0.3528952590452463,0.6220745579334753,0.21952716226739089,0.017822675926596223,
lo_137,long_only,mom_126d,0.15,126,1.0719112396900858,1.0077260281857325,-0.3528952590452463,0.6485359786014109,0.22886527216870722,0.012239710958201495,
lo_138,long_only,mom_126d,0.2,5,0.932760342534888,0.86076127747829,-0.3662534072535626,0.46973812980111396,0.17204319055657424,0.06064520353701073,
lo_139,long_only,mom_126d,0.2,10,0.9730277060853362,0.9014817937186927,-0.3666470521859535,0.4980098692592228,0.18259385052340615,0.04331057628729876,
lo_140,long_only,mom_126d,0.2,21,0.9662781125737331,0.8962343656894807,-0.3807651568145074,0.4866986958699568,0.18531790525434033,0.02991226177855283,
lo_141,long_only,mom_126d,0.2,42,0.9915541465323744,0.9260371483871342,-0.37488669009323083,0.5165296662164464,0.1936400969028449,0.02075456682110529,
lo_142,long_only,mom_126d,0.2,63,0.996161165025425,0.9283363099203688,-0.37292429074643274,0.5335778012947812,0.1989841231058973,0.016849270242107327,
lo_143,long_only,mom_126d,0.2,126,1.032958827908629,0.9723750164876972,-0.37292429074643285,0.5675878937712051,0.21166731272088835,0.011690239833699658,
lo_144,long_only,mom_126d,0.3,5,0.9138164911576044,0.84741977367045,-0.38009988701435926,0.42203917313013006,0.16041704202239604,0.051739073297405076,
lo_145,long_only,mom_126d,0.3,10,0.9332415374113703,0.8677985778790348,-0.3735798902167212,0.4442248522787208,0.16595347154582374,0.03726391625739434,
lo_146,long_only,mom_126d,0.3,21,0.9281227440237813,0.8644271441191722,-0.3765251730404995,0.44465531417166854,0.16742391911186516,0.02562417307489639,
lo_147,long_only,mom_126d,0.3,42,0.9599893433662334,0.8981880421677049,-0.38619873726249465,0.4566117515123378,0.17634288185328084,0.01792563226710183,
lo_148,long_only,mom_126d,0.3,63,0.9540100320641322,0.8912318409194998,-0.39312243954988924,0.45801997861674193,0.1800579313564017,0.014761605479024498,
lo_149,long_only,mom_126d,0.3,126,0.987809246421847,0.9273816717567714,-0.3931224395498891,0.48726177651659713,0.19155353828361754,0.010541088050738941,
lo_150,long_only,mom_252d,0.05,5,1.1772361878372268,1.0784396191267844,-0.3678772044349877,0.8388476574163657,0.3085929311571709,0.05595173091494162,
lo_151,long_only,mom_252d,0.05,10,1.162177049472716,1.0790956130112408,-0.36552067505767905,0.8373840677484721,0.30608118972596676,0.03912357183260193,
lo_152,long_only,mom_252d,0.05,21,1.2079085215248468,1.1256532875460168,-0.37944706399292316,0.8582389413011957,0.32565624648113345,0.02592216355427058,
lo_153,long_only,mom_252d,0.05,42,1.1713742458840135,1.0901617001863684,-0.37595333492358507,0.8362746343035867,0.31440023767843495,0.018105392439840596,
lo_154,long_only,mom_252d,0.05,63,1.150807954844408,1.0768117425361576,-0.3878004900669978,0.8115024842675476,0.3147010610895411,0.014851060001561674,
lo_155,long_only,mom_252d,0.05,126,1.093013395403957,1.025800195733408,-0.3878004900669979,0.7620755421252027,0.2955332687042267,0.009966299277336067,
lo_156,long_only,mom_252d,0.1,5,1.0907376280040708,1.0019328601870696,-0.35902660351489424,0.6828379983951354,0.24515700731471424,0.0515021415832917,
lo_157,long_only,mom_252d,0.1,10,1.1153737733131281,1.0261032339265674,-0.3535645569788054,0.7176806137242739,0.2537464282437001,0.03589804570667876,
lo_158,long_only,mom_252d,0.1,21,1.0796866925813895,0.9934944203691692,-0.3760361781916556,0.6523743673532283,0.24531636384970712,0.024670455070384352,
lo_159,long_only,mom_252d,0.1,42,1.0683021673315476,0.9854263836553362,-0.38535466778153404,0.6321095527532338,0.24358636670275646,0.01748059748996756,
lo_160,long_only,mom_252d,0.1,63,1.0499683511424782,0.9689314706841691,-0.38418457380969995,0.6356628553575764,0.24421186317220744,0.013991897393279537,
lo_161,long_only,mom_252d,0.1,126,1.0438733259588593,0.9784655032342151,-0.3841845738096996,0.637753976643265,0.2450152397121339,0.009564262313024334,
lo_162,long_only,mom_252d,0.15,5,1.045876303759512,0.9613191616557571,-0.3586635867324288,0.6029758454579294,0.21626547944495966,0.04728081315653029,
lo_163,long_only,mom_252d,0.15,10,1.0614419293136805,0.981967042931681,-0.35970079666480304,0.6182233394392772,0.22237542771308294,0.03336333796991789,
lo_164,long_only,mom_252d,0.15,21,1.0249947761007057,0.9431208002570267,-0.3719331238408833,0.5773044866837763,0.21471866113965454,0.022781314696081405,
lo_165,long_only,mom_252d,0.15,42,1.0351470050950125,0.9593978866262594,-0.3715844845430507,0.5879726298794937,0.21848150659919363,0.016151664192647148,
lo_166,long_only,mom_252d,0.15,63,0.991351670920016,0.9206606997066401,-0.36807174436032053,0.5727547722190062,0.21081484810134765,0.01304046896796927,
lo_167,long_only,mom_252d,0.15,126,1.0043920425132413,0.9465810099492186,-0.3680717443603204,0.5912973798754045,0.21763985804642716,0.009101797969217394,
lo_168,long_only,mom_252d,0.2,5,1.0065025972667285,0.9261580724006417,-0.36530318806289797,0.5393021771061525,0.19700880462613912,0.043419183469062275,
lo_169,long_only,mom_252d,0.2,10,1.000879207318354,0.9255011406040787,-0.36216868469257346,0.5446297376509374,0.19724783572950133,0.030873314449703204,
lo_170,long_only,mom_252d,0.2,21,1.0049741710588203,0.9314478759286412,-0.3666599978475714,0.5449111739850733,0.1997971298804846,0.021174848214626688,
lo_171,long_only,mom_252d,0.2,42,0.9971736729096302,0.9251553871472175,-0.3738727672724036,0.5342843167884049,0.19975435602792646,0.014828494152834439,
lo_172,long_only,mom_252d,0.2,63,0.9636455224022605,0.8979997069739183,-0.3671829257420912,0.5314731315103274,0.19514785938127321,0.012109305900564653,
lo_173,long_only,mom_252d,0.2,126,0.9559750747298706,0.90168136133082,-0.36718292574209177,0.5369799339820862,0.19716986322433772,0.00849405603079859,
lo_174,long_only,mom_252d,0.3,5,0.9434816687875277,0.8713139197825917,-0.35573610452967486,0.4824667003937221,0.17163082456334844,0.03727885247993153,
lo_175,long_only,mom_252d,0.3,10,0.9606993202188302,0.8887197254615652,-0.351935980852376,0.501695322476826,0.17656463540493084,0.02633412420760485,
lo_176,long_only,mom_252d,0.3,21,0.948881440736335,0.8820597083606998,-0.36824695614886516,0.47691112335678326,0.17562106952967138,0.018208321229473592,
lo_177,long_only,mom_252d,0.3,42,0.9730852848117807,0.9046163558035658,-0.3656187195550792,0.5000940731491436,0.18284375468187397,0.012799997408253373,
lo_178,long_only,mom_252d,0.3,63,0.9336340591184515,0.86950580124464,-0.3649411727954289,0.48473149184185826,0.17689847912364565,0.010663246167119804,
lo_179,long_only,mom_252d,0.3,126,0.9358903371955604,0.8806555167105538,-0.36494117279542904,0.4963044998715392,0.18112194624676836,0.007436793945655308,
